{
  "metrics": {
    "http_req_failed": {
      "type": "rate",
      "contains": "default",
      "values": {
        "rate": 1,
        "passes": 310116,
        "fails": 0
      }
    },
    "http_req_receiving": {
      "type": "trend",
      "contains": "time",
      "values": {
        "avg": 21.34087703955853,
        "min": 0.005,
        "med": 0.04,
        "max": 21950.554,
        "p(90)": 0.572,
        "p(95)": 2.981249999999986
      }
    },
    "data_received": {
      "type": "counter",
      "contains": "data",
      "values": {
        "count": 144877809,
        "rate": 93738.48391673782
      }
    },
    "http_reqs": {
      "type": "counter",
      "contains": "default",
      "values": {
        "count": 310116,
        "rate": 200.65049215593166
      }
    },
    "http_req_sending": {
      "type": "trend",
      "contains": "time",
      "values": {
        "min": 0.002,
        "med": 0.049,
        "max": 24890.714,
        "p(90)": 1.2,
        "p(95)": 8.592249999999986,
        "avg": 17.066602393942453
      }
    },
    "http_req_tls_handshaking": {
      "values": {
        "p(95)": 0,
        "avg": 0,
        "min": 0,
        "med": 0,
        "max": 0,
        "p(90)": 0
      },
      "type": "trend",
      "contains": "time"
    },
    "http_req_waiting": {
      "type": "trend",
      "contains": "time",
      "values": {
        "max": 18275.368,
        "p(90)": 352.42150000000015,
        "p(95)": 905.6569999999992,
        "avg": 161.95149980975043,
        "min": 0.278,
        "med": 9.837
      }
    },
    "http_req_connecting": {
      "type": "trend",
      "contains": "time",
      "values": {
        "avg": 0.7288805124534041,
        "min": 0,
        "med": 0,
        "max": 8614.616,
        "p(90)": 0,
        "p(95)": 0
      }
    },
    "vus_max": {
      "type": "gauge",
      "contains": "default",
      "values": {
        "value": 800,
        "min": 800,
        "max": 800
      }
    },
    "data_sent": {
      "values": {
        "count": 108297923,
        "rate": 70070.65597845707
      },
      "type": "counter",
      "contains": "data"
    },
    "iteration_duration": {
      "type": "trend",
      "contains": "time",
      "values": {
        "med": 1020.650667,
        "max": 35737.125292,
        "p(90)": 2212.6634165,
        "p(95)": 4064.62160375,
        "avg": 1527.9040544840789,
        "min": 1000.483334
      }
    },
    "iterations": {
      "type": "counter",
      "contains": "default",
      "values": {
        "count": 310116,
        "rate": 200.65049215593166
      }
    },
    "http_req_blocked": {
      "type": "trend",
      "contains": "time",
      "values": {
        "avg": 2.5429043906150532,
        "min": 0,
        "med": 0.03,
        "max": 11239.056,
        "p(90)": 0.242,
        "p(95)": 0.546
      }
    },
    "http_req_duration{endpoint:status}": {
      "thresholds": {
        "p(95)<2000": {
          "ok": true
        }
      },
      "type": "trend",
      "contains": "time",
      "values": {
        "min": 0,
        "med": 0,
        "max": 0,
        "p(90)": 0,
        "p(95)": 0,
        "avg": 0
      }
    },
    "http_req_duration": {
      "type": "trend",
      "contains": "time",
      "values": {
        "med": 11.181,
        "max": 24899.067,
        "p(90)": 432.8625,
        "p(95)": 1091.9462499999986,
        "avg": 200.3589792432498,
        "min": 0.307
      }
    },
    "http_req_failed{expected_response:true}": {
      "type": "rate",
      "contains": "default",
      "values": {
        "rate": 0,
        "passes": 0,
        "fails": 0
      },
      "thresholds": {
        "rate<0.05": {
          "ok": true
        }
      }
    },
    "vus": {
      "type": "gauge",
      "contains": "default",
      "values": {
        "value": 0,
        "min": 0,
        "max": 800
      }
    }
  },
  "root_group": {
    "checks": [],
    "name": "",
    "path": "",
    "id": "d41d8cd98f00b204e9800998ecf8427e",
    "groups": []
  },
  "options": {
    "summaryTrendStats": [
      "avg",
      "min",
      "med",
      "max",
      "p(90)",
      "p(95)"
    ],
    "summaryTimeUnit": "",
    "noColor": false
  },
  "state": {
    "testRunDurationMs": 1545553.149,
    "isStdOutTTY": false,
    "isStdErrTTY": false
  }
}